SET client_encoding TO 'UTF8';

Insert into department(code, name ) 
Values (1, 'Математического моделирования и искусственного интеллекта');

Insert into orientation(code, name)
Values ('02.03.02', 'Фундаментальная информатика и информационные технологии'),
       ('02.04.02', 'Фундаментальная информатика и информационные технологии'),
       ('09.03.03', 'Прикладная информатика'),
       ('38.03.05', 'Бизнес-информатика'),
       ('01.03.02', 'Прикладная математика и информатика'),
       ('02.03.01', 'Математика и компьютерные науки'),
       ('01.04.02', 'Прикладная математика и информатика');

INSERT INTO protection(orientation_code, dateofprotection) VALUES
                                                ('02.03.02', 2021 ),
                                                ('02.04.02', 2024),
                                                ('09.03.03', 2023),
                                                ('38.03.05', 2025),
                                                ('01.03.02', 2022),
                                                ('02.03.01', 2024),
                                                ('01.04.02', 2025);



INSERT INTO decree(theme) VALUES ('Обучение лингвистической модели путем задания контекста'),
                             ('Обучение нейронных сетей для аппроксимации решений краевых задач с применением неклассических вариационных формулировок'),
                             ('Приложения метода коллокаций'),
                             ('Анализ экономической динамики стран Центральной Африки с применением методов машинного обучения'),
                             ('Разработка методов анализа слабо структурированных данных с применением методов машинного обучения'),
                             ('Стратегия управления полетом квадрокоптера для выполнения заданных маневров'),
                             ('Разложение по многочленам Чебышева'),
                             ('Анализ и прогнозирование временных рядов методом SSA'),
                             ('Сравнительный анализ методов прогнозирования временных рядов'),
                             ('Оценки риска использование языковых моделей для формирования вредоносный запросов'),
                             ('Методы анализа временных рядов'),
                             ('Нейросетевая аппроксимация движения непотенциальных динамических систем'),
                             ('Построение интегрированной системы, объединяющей базы данных складских терминалов разных собственников'),
                             ('Предиктивная аналитика данных в задачах утилизации вычислительных ресурсов'),
                             ('Выделение псевдооснов слов'),
                             ('Разработка web-приложения для работы с базами данных кафедры'),
                             ('Анализ корпусов литературных текстов'),
                             ('Разработка приложения для сбора и анализа информации по обучающимся для выбора стиля обучения'),
                             ('Работа с изображениями с помощью сверточных нейронных сетей'),
                             ('Исследование методов определения опухоли мозга на МРТ снимках'),
                             ('Задача анализа эффективности сотрудников предприятия'),
                             ('Применение технологий машинного обучения в задачах EdTech'),
                             ('Методы определений активности человека по данным из мобильных устройств'),
                             ('Математическое моделирование экономической динамики с применением методов машинного обучения'),
                             ('Сбор статистически значимой информации о большой лингвистической модели'),
                             ('Сравнение иволютивных и классических алгоритмов вычисления базисов Грёбнера полиномиальных идеалов.'),
                             ('Разработка многомерной информационной системы для анализа статистики правонарушений'),
                             ('Развитие интеллектуальных систем управления транспортными потоками на основе данных IoT'),
                             ('Анализ ЕЯ-текстов с применением нейронных сетей'),
                             ('Построение электронной автоматизированной системы учёта успеваемости студентов в вузе'),
                             ('Разработка многомерной информационной системы для анализа работы службы экстренных вызовов'),
                             ('Использование многомерной информационной системы для анализа деятельности логистической компании'),
                             ('Разработка многомерной информационной системы для анализа деятельности компании по продаже электроники'),
                             ('Разработка методики анализа финансового состояния компаний с использованием методов машинного обучения'),
                             ('Проектирование оптических покрытий'),
                             ('Применение методов машинного обучения к медицинским данным'),
                             ('Разработка системы управления релизами программного обеспечения'),
                             ('Разработка многомерной информационной системы для анализа деятельности мотоклуба'),
                             ('Разработка многомерной информационной системы для анализа ИТ- инфраструктуры компании'),
                             ('Исследование методов и разработка алгоритмов для прогнозирования изменения цен и объемов продаж на бирже'),
                             ('Анализ медицинских данных'),
                             ('Разработка распределенной системы совершения торговых операций на фондовом рынке с применением нейросетевых моделей'),
                             ('Проектирование и разработка информационной системы для обеспечения учебно-методической работы кафедры'),
                             ('Нейронные сети на основе биномиального дерева для прогнозирования стоимости нелинейных деривативов'),
                             ('Исследование методов и алгоритмов поиска аномалий в загрузке телекоммуникационных сетях'),
                             ('Построение аналитической системы многокритериального контроля работы преподавателей в высших учебных заведениях'),
                             ('Разработка и реализация электронной системы управления потоком задач'),
                             ('Разработка программного комплекса для подготовки документов в патентный отдел'),
                             ('Построение кросс-языковых эмбедингов для извлечения химических структур из текстов на русском и английском языках'),
                             ('Проектирование и реализация прикладной системы, сопровождающей учебный процесс в школах Экваториальной Гвинеи'),
                             ('Особенности баз знаний для динамических интеллектуальных систем'),
                             ('Разработка и исследование подходов к решению задачи траекторного движения робототехнических систем в динамической среде'),
                             ('Математическое моделирование процессов управления при создании и сопровождении цифровых продуктов при наличии рисков'),
                             ('Нейросетевое распознавание музыкальных фрагментов'),
                             ('Моделирование распространения волноводных мод в нерегулярных волноводах'),
                             ('Использование технологии баз данных для моделирования потребности в рабочем персонале розничной торговой сети'),
                             ('Исследование способов формального представления бизнес-процессов и методов оценки качества алгоритмов их автоматического синтеза'),
                             ('Проектирование и реализация электронного приложения, сопровождающего работу Министерства по чрезвычайным ситуациям (МЧС)'),
                             ('Использование многомерной информационной системы для анализа рынка банковского кредитования'),
                             ('Исследование методов и алгоритмов автоматического перевода текстов'),
                             ('Стратегии управления финансовыми рисками на основе генеративно-состязательных сетей'),
                             ('Методы и подходы к исследованию изменения курса ценных бумаг'),
                             ('Методы кластеризации в Machine Learning'),
                             ('Исследование и применение современных методов решения задачи планирования траекторного движения беспилотных летательных аппаратов'),
                             ('Исследование методов и разработка алгоритмов поиска аномалий (фродов) в банковских операциях'),
                             ('Исследование, реализация и сравнение моделей популяции паразитических организмов'),
                             ('Разработка механизма распознавания заболеваний опорно-двигательного аппарата с помощью методов глубокого обучения'),
                             ('Разработка интерфейсного модуля интерактивного создания правил'),
                             ('Использование генеративно- состязательной нейронной сети для генерации субъективно привлекательных лиц людей'),
                             ('Разработка модуля получения и анализа данных с носимых гаджетов, записываемых в облачные решения (на примере Google fit)'),
                             ('Реализация и исследование моделей поведения кооперирующихся агентов'),
                             ('Применение методов активного обучения для разметки текстов, содержащих негативные новости о контрагентах'),
                             ('Определение болезни Альцгеймера по МРТ снимкам'),
                             ('Обучение с подкреплением в анализе медицинских изображений'),
                             ('Предиктивная аналитика данных'),
                             ('Интерактивная маска - распознавание и моделирование мимики'),
                             ('Исследование методов обработки снимков магнитно-резонансной томографии для анализа зон интереса'),
                             ('Анализ профилей пользователей'),
                             ('Исследование современных подходов к решению задачи распознавания жестов'),
                             ('Разработка интерфейса системы сбора информации о состоянии здоровья людей и отображения результатов ее обработки с применением Web-технологий'),
                             ('Построение электронной автоматизированной системы контроля банковских операций и управления персоналом банка'),
                             ('Прогнозирование цен на рынке стального проката с помощью методов машинного обучения'),
                             ('Разработка интерфейсного модуля тестирования разрабатываемых баз знаний на основе неоднородных семантических сетей'),
                             ('Применение методов машинного обучения в управлении портфелем ценных бумаг'),
                             ('Исследование методов анализа графического интернет-контента пользователей с целью выявления личностных черт'),
                             ('Проектирование и разработка информационной системы для обеспечения практики студентов'),
                             ('Анализ ассоциативных правил в задачах ритейла'),
                             ('Обучение с подкреплением для управления портфелем ценных бумаг'),
                             ('Исследование методов планирования маршрута движения робототехнических систем в среде с препятствиями');

INSERT INTO fqw(decree_id)
    SELECT d.id FROM decree d;

UPDATE decree d
    SET studnum = s.id FROM student s where d.id = s.id;

Insert into lecturer(id, name, academicDegree, position, department)
Values (1, 'Малых Михаил Дмитриевич', 'д.ф.-м.н.', 'доцент', '01'),
       (2, 'Александрова Лариса Валерьевна', '', 'старший преподаватель', '01'),
       (3, 'Виноградов Андрей Николаевич', 'к.ф.-м.н.', 'доцент', '01'),
       (4, 'Молодченков Алексей Игоревич', 'к.т.н.', 'доцент', '01'),
       (5, 'Панкратов Александр Серафимович', 'к.ф.-м.н.', 'доцент', '01'),
       (6, 'Салпагаров Солтан Исмаилович', 'к.ф.-м.н.', 'доцент', '01'),
       (7, 'Стефанюк Вадим Львович', '', 'профессор', '01'),
       (8, 'Фомин Максим Борисович', 'к.ф.-м.н.', 'доцент', '01'),
       (9, 'Хачумов Вячеслав Михайлович', 'д.т.н.', 'профессор', '01'),
       (10, 'Хачумов Михаил Вячеславович', 'к.ф.-м.н.', 'доцент', '01'),
       (11, 'Чеповский Андрей Михайлович', 'д.т.н.', 'профессор', '01'),
       (12, 'Шорохов Сергей Геннадьевич', 'к.ф.-м.н.', 'доцент', '01'),
       (13, 'Андрейчук Антон Андреевич', '', 'ассистент', '01'),
       (14, 'Киселёв Глеб Андреевич', 'к.ф.-м.н.', 'старший преподаватель', '01'),
       (15, 'Кройтор Олег Константинович', '', 'преподаватель', '01'),
       (16, 'Диваков Дмитрий Валентинович', 'к.ф.-м.н.', 'доцент', '01'),
       (17, 'Тютюнник Анастасия Александровна', 'к.ф.-м.н.', 'доцент', '01'),
       (18, 'Севастьянов Леонид Антонович', 'д.ф.-м.н.', 'профессор', '01'),
       (19, 'Ловецкий Константин Петрович', 'к.ф.-м.н.', 'доцент', '01'),
       (20, 'Виницкий Сергей Ильич', 'д.ф.-м.н.', 'профессор', '01'),
       (21, 'Белов Александр Александрович', 'д.ф.-м.н.', 'доцент', '01'),
       (22, 'Хохлов Алексей Анатольевич', 'к.ф.-м.н.', 'старший преподаватель', '01'),
       (23, 'Васильев Сергей Анатольевич', 'к.ф.-м.н', 'доцент', '01'),
       (24, 'Мамонов Антон Алексеевич', 'аспирант', 'ассистент', '01');


Insert into student(id, name, stud_num, citizenship, theme, orientation_code, department_code, loe, classifier )
Values(1, 'Адебайо Ридвануллахи Айофе', 1032205020, 'НИГЕРИЯ', 1, '02.03.01', '01', 'Бакалавриат', 'ПИ+П' ),
      (2, 'Габриэль Тьерри', 1032204249, 'ГАИТИ', 2, '02.03.01', '01', 'Бакалавриат', 'ПИ' ),
      (3, 'Ду Нашсименту Висенте Феликс Жозе', 1032199092, 'САН-ТОМЕ И ПРИНСИПИ', 3, '02.03.01', '01', 'Бакалавриат', 'ПИ' ),
      (4, 'Еленга Невлора Люглеш', 1032205073, 'КОНГО', 4, '02.03.01', '01', 'Бакалавриат', 'ПИ' ),
      (5, 'Каймакджыоглу Мерич Дорук', 1032204917, 'ТУРЦИЯ', 5, '02.03.01', '01', 'Бакалавриат', 'ПИ' ),
      (6, 'Мухамедияр Адиль', 1032205725, 'КАЗАХСТАН', 6, '02.03.01', '01', 'Бакалавриат', 'ПИ+ПР' ),
      (7, 'Тейшейра Боа Морте Селмилтон', 1032199094, 'САН-ТОМЕ И ПРИНСИПИ', 7, '02.03.01', '01', 'Бакалавриат', 'ФИ' ),
      (8, 'Шестаков Дмитрий Сергеевич', 1032201675, 'РОССИЯ', 8, '02.03.01', '01', 'Бакалавриат', 'ФИ+Р' ),
      (9, 'Эттеев Сулейман Хаджимуратович', 1032201677, 'РОССИЯ', 9, '02.03.01', '01', 'Бакалавриат', 'ПИ' ),
      (10, 'Яссин Мохамад Аламин', 1032205004, 'СИРИЯ', 10, '02.03.01', '01', 'Бакалавриат', 'ПИ+ПР' ),
      (11, 'Байрамгельдыев Довлетмурат', 1032207470, 'ТУРКМЕНИСТАН', 11, '02.03.02', '01', 'Бакалавриат', 'ПИ+ПP' ),
      (12, 'Брезгулевский Иван Алексеевич', 1032203965, 'РОССИЯ', 12, '02.03.02', '01', 'Бакалавриат', 'ПИ' ),
      (13, 'Ван И', 1032198069, 'КИТАЙ', 13, '02.03.02', '01', 'Бакалавриат', 'ПИ+П' ),
      (14, 'Го Чаопэн', 1032194919, 'КИТАЙ', 14, '02.03.02', '01', 'Бакалавриат', 'ПИ+П' ),
      (15, 'Голощапова Ирина Борисовна', 1032201666, 'РОССИЯ', 15, '02.03.02', '01', 'Бакалавриат', 'ПИ+ПР' ),
      (16, 'Егорова Диана Витальевна', 1032201662, 'РОССИЯ', 16, '02.03.02', '01', 'Бакалавриат', 'ФИ' ),
      (17, 'Ильин Андрей Владимирович', 1032201656, 'РОССИЯ', 17, '02.03.02', '01', 'Бакалавриат', 'ПИ+ПР' ),
      (18, 'Казакова Виктория Алексеевна', 1032201659, 'РОССИЯ', 18, '02.03.02', '01', 'Бакалавриат', 'ПИ' ),
      (19, 'Ким Михаил Алексеевич', 1032201664, 'РОССИЯ', 19, '02.03.02', '01', 'Бакалавриат', 'ПИ' ),
      (20, 'Кузнецов Юрий Владимирович', 1032200533, 'РОССИЯ', 20, '02.03.02', '01', 'Бакалавриат', 'ПИ+ПР' ),
      (21, 'Логинов Егор Игоревич', 1032201661, 'РОССИЯ', 21, '02.03.02', '01', 'Бакалавриат', 'ПИ+ПР' ),
      (22, 'Любимов Дмитрий Андреевич', 1032200538, 'РОССИЯ', 22, '02.03.02', '01', 'Бакалавриат', 'ПИ+П' ),
      (23, 'Ндри Ив Алла Ролан', 1032205400, 'КОТ ДИВУАР', 23, '02.03.02', '01', 'Бакалавриат', 'ПИ' ),
      (24, 'Низамова Альфия Айдаровна', 1032201670, 'РОССИЯ', 24, '02.03.02', '01', 'Бакалавриат', 'ПИ+П' ),
      (25, 'Новосельцев Данила Сергеевич', 1032206559, 'РОССИЯ', 25, '02.03.02', '01', 'Бакалавриат', 'ФИ+Р' ),
      (26, 'Носов Артём Алексеевич', 1032200537, 'РОССИЯ', 26, '02.03.02', '01', 'Бакалавриат', 'ПИ+П' ),
      (27, 'Пиняева Анна Андреевна', 1032202458, 'РОССИЯ', 27, '02.03.02', '01', 'Бакалавриат', 'ПИ' ),
      (28, 'Прокошев Никита Евгеньевич', 1032202460, 'РОССИЯ', 28, '02.03.02', '01', 'Бакалавриат', 'ПИ' ),
      (29, 'Саттарова Вита Викторовна', 1032201655, 'РОССИЯ', 29, '02.03.02', '01', 'Бакалавриат', 'ПИ+П' ),
      (30, 'Севастьянов Дмитрий Вадимович', 1032200536, 'РОССИЯ', 30, '02.03.02', '01', 'Бакалавриат', 'ПИ' ),
      (31, 'Сергеев Тимофей Сергеевич', 1032201669, 'РОССИЯ', 31, '02.03.02', '01', 'Бакалавриат', 'ПИ' ),
      (32, 'Серегин Денис Алексеевич', 1032201665, 'РОССИЯ', 32, '02.03.02', '01', 'Бакалавриат', 'ПИ+ПР' ),
      (33, 'Соболевский Денис Андреевич', 1032201668, 'РОССИЯ', 33, '02.03.02', '01', 'Бакалавриат', 'ПИ+П' ),
      (34, 'Тарусов Артём Сергеевич', 1032201667, 'РОССИЯ', 34, '02.03.02', '01', 'Бакалавриат', 'ПИ+ПР' ),
      (35, 'Чекалова Лилия Руслановна', 1032201654, 'РОССИЯ', 35, '02.03.02', '01', 'Бакалавриат', 'ПИ' ),
      (36, 'Чупрына Петр Петрович', 1032183377, 'РОССИЯ', 36, '02.03.02', '01', 'Бакалавриат', 'ПИ+ПР' ),
      (37, 'Шалыгин Георгий Эдуардович', 1032202456, 'РОССИЯ', 37, '02.03.02', '01', 'Бакалавриат', 'ПГ' ),
      (38, 'Юрченко Артём Алексеевич', 1032201660, 'РОССИЯ', 38, '02.03.02', '01', 'Бакалавриат', 'ПИ+ПР' ),
      (39, 'Бабков Дмитрий Николаевич', 1032201726, 'РОССИЯ', 39, '02.03.02', '01', 'Бакалавриат', 'ПИ+П' ),
      (40, 'Алхатиб Осама', 1032209334, 'СИРИЯ', 40, '09.03.03', '01', 'Бакалавриат', 'ПИ+ПР' ),
      (41, 'Аникин Константин Сергеевич', 1032201736, 'РОССИЯ', 41, '09.03.03', '01', 'Бакалавриат', 'ПИ+П' ),
      (42, 'Афтаева Ксения Васильевна', 1032201739, 'РОССИЯ', 42, '09.03.03', '01', 'Бакалавриат', 'ПИ+ПР' ),
      (43, 'Бакулин Никита Алексеевич', 1032201747, 'РОССИЯ', 43, '09.03.03', '01', 'Бакалавриат', 'ФИ+ПР' ),
      (44, 'Боровикова Карина Владимировна', 1032201748, 'РОССИЯ', 44, '09.03.03', '01', 'Бакалавриат', 'ПИ' ),
      (45, 'Гаглоев Олег Мелорович', 1032201347, 'РОССИЯ', 45, '09.03.03', '01', 'Бакалавриат', 'ПИ+ПР' ),
      (46, 'Губина Ольга Вячеславовна', 1032201737, 'РОССИЯ', 46, '09.03.03', '01', 'Бакалавриат', 'ПИ' ),
      (47, 'Колосова Кристина Александровна', 1032201738, 'РОССИЯ', 47, '09.03.03', '01', 'Бакалавриат', 'ПИ+ПР' ),
      (48, 'Краснова Диана Владимировна', 1032201743, 'РОССИЯ', 48, '09.03.03', '01', 'Бакалавриат', 'ПИ+ПР' ),
      (49, 'Максимов Алексей Александрович', 1032201201, 'РОССИЯ', 49, '09.03.03', '01', 'Бакалавриат', 'ПИ+П' ),
      (50, 'Медведева Кристина Андреевна', 1032206562, 'РОССИЯ', 50, '09.03.03', '01', 'Бакалавриат', 'ПИ' ),
      (51, 'Мухтарова Камила Айратовна', 1032203686, 'РОССИЯ', 51, '09.03.03', '01', 'Бакалавриат', 'ПИ+ПР' ),
      (52, 'Никулин Максим Геннадьевич', 1032196222, 'РОССИЯ', 52, '09.03.03', '01', 'Бакалавриат', 'ПИ+ПР' ),
      (53, 'Оулед Салем Яссин', 1032204121, 'ТУНИС', 53, '09.03.03', '01', 'Бакалавриат', 'ПИ' ),
      (54, 'Юсупов Шухратджон Фирдавсович', 1032205329, 'ТАДЖИКИСТАН', 54, '09.03.03', '01', 'Бакалавриат', 'ФИ+ПР' ),
      (55, 'Акопян Изабелла Арменовна', 1032203961, 'РОССИЯ', 55, '38.03.05', '01', 'Бакалавриат', 'ПИ' ),
      (56, 'Джумаев Бегенч', 1032204350, 'ТУРКМЕНИСТАН', 56, '38.03.05', '01', 'Бакалавриат', 'ПИ' ),
      (57, 'Иванов Никита', 1032204218, 'КАЗАХСТАН', 57, '38.03.05', '01', 'Бакалавриат', 'ПИ+П' ),
      (58, 'Кайкы Руслан', 1032205289, 'МОЛДОВА', 58, '38.03.05', '01', 'Бакалавриат', 'ПИ+П' ),
      (59, 'Лапасов Зелимхан Абитханович', 1132210643, 'РОССИЯ', 59, '38.03.05', '01', 'Бакалавриат', 'ПИ' ),
      (60, 'Лисягин Евгений Алексеевич', 1032200527, 'РОССИЯ', 60, '38.03.05', '01', 'Бакалавриат', 'ПИ' ),
      (61, 'Лукашов Никита Александрович', 1032201195, 'РОССИЯ', 61, '38.03.05', '01', 'Бакалавриат', 'ПИ' ),
      (62, 'Танаков Артём Алексеевич', 1032200526, 'РОССИЯ', 62, '38.03.05', '01', 'Бакалавриат', 'ПИ' ),
      (63, 'Черкасов Алексей Сергеевич', 1032156578, 'РОССИЯ', 63, '38.03.05', '01', 'Бакалавриат', 'ПИ+Р' ),
      (64, 'Кочетов Андрей Владимирович', 1132223503, 'РОССИЯ', 64, '01.04.02', '01', 'Магистратура', 'ПИ+П' ),
      (65, 'Хохлачева Яна Дмитриевна', 1132223501, 'РОССИЯ', 65, '01.04.02', '01', 'Магистратура', 'ПИ+ПР' ),
      (66, 'Адьяту Ибрайма Коллаволе Топе', 1032239106, 'НИГЕРИЯ', 66, '02.04.02', '01', 'Магистратура', 'ПИ' ),
      (67, 'Архипов Данила Алексеевич', 1132223453, 'РОССИЯ', 67, '02.04.02', '01', 'Магистратура', 'ПИ+ПР' ),
      (68, 'Виноградова Варвара Станиславовна', 1132223449, 'РОССИЯ', 68, '02.04.02', '01', 'Магистратура', 'ПИ' ),
      (69, 'Гаджиев Нурсултан Тофик оглы', 1132223454, 'РОССИЯ', 69, '02.04.02', '01', 'Магистратура', 'ПИ' ),
      (70, 'Гафиров Абдималик Абдифаридович', 1132223465, 'РОССИЯ', 70, '02.04.02', '01', 'Магистратура', 'ПИ' ),
      (71, 'Греков Максим Сергеевич', 1132223456, 'РОССИЯ', 71, '02.04.02', '01', 'Магистратура', 'ПИ' ),
      (72, 'Гурбангельдиев Мухаммет Гурбангельдиевич', 1132223468, 'РОССИЯ', 72, '02.04.02', '01', 'Магистратура', 'ПИ+П' ),
      (73, 'Дяченко Злата Константиновн а', 1132223497, 'РОССИЯ', 73, '02.04.02', '01', 'Магистратура', 'ПИ+Р' ),
      (74, 'Исмит Шаманта', 1032215448, 'БАНГЛАДЕШ', 74, '02.04.02', '01', 'Магистратура', 'ПИ' ),
      (75, 'Каба Диафоде Диаси', 1032215785, 'ГВИНЕЯ', 75, '02.04.02', '01', 'Магистратура', 'ПИ' ),
      (76, 'Казанкин Никита Вячеславович', 1132223462, 'РОССИЯ', 76, '02.04.02', '01', 'Магистратура', 'ПИ+П' ),
      (77, 'Каримов Зуфар Исматович', 1032185247, 'ТАДЖИКИСТАН', 77, '02.04.02', '01', 'Магистратура', 'ПИ' ),
      (78, 'Логинов Сергей Андреевич', 1132223455, 'РОССИЯ', 78, '02.04.02', '01', 'Магистратура', 'ПИ+П' ),
      (79, 'Ндемесого Ндонг Висенте Нкулу', 1032215715, 'ЭКВАТОРИАЛЬНАЯ ГВИНЕЯ', 79, '02.04.02', '01', 'Магистратура', 'ПР' ),
      (80, 'Нилой Шоумитра Басак', 1032165446, 'БАНГЛАДЕШ', 80, '02.04.02', '01', 'Магистратура', 'ПИ' ),
      (81, 'Пологов Владислав Александрович', 1132223464, 'РОССИЯ', 81, '02.04.02', '01', 'Магистратура', 'ПИ+П' ),
      (82, 'Сасин Ярослав Игоревич', 1132223471, 'РОССИЯ', 82, '02.04.02', '01', 'Магистратура', 'ПИ' ),
      (83, 'Семёнов Юрий Анатольевич', 1132223457, 'РОССИЯ', 83, '02.04.02', '01', 'Магистратура', 'ПИ' ),
      (84, 'Слейман Хади', 1032229137, 'ЛИВАН', 84, '02.04.02', '01', 'Магистратура', 'ФИ+Р' ),
      (85, 'Сурков Алексей Алексеевич', 1032212314, 'РОССИЯ', 85, '02.04.02', '01', 'Магистратура', 'ПИ' ),
      (86, 'Феррейра Эдуарду Эштевау Кауайя', 1032225107, 'АНГОЛА', 86, '02.04.02', '01', 'Магистратура', 'ПИ' ),
      (87, 'Шувалов Николай Константинович', 1132223469, 'РОССИЯ', 87, '02.04.02', '01', 'Магистратура', 'ПИ' ),
      (88, 'Яковлев Артём Александрович', 1132223463, 'РОССИЯ', 88, '02.04.02', '01', 'Магистратура', 'ПИ+ПР' ),
      (89, 'Яхёев Азизжон Азим угли', 1132223472, 'УЗБЕКИСТАН', 89, '02.04.02', '01', 'Магистратура', 'ПИ' );

INSERT INTO student_lecturers (student_id, lecturer_id, isconsultant, isscientificsupervisor) VALUES
                                                                                                  (1, 6, FALSE, TRUE),
                                                                                                  (2, 12, FALSE, TRUE),
                                                                                                  (3, 19, FALSE, TRUE),
                                                                                                  (4, 23, FALSE, TRUE),
                                                                                                  (5, 23, FALSE, TRUE),
                                                                                                  (6, 12, FALSE, TRUE),
                                                                                                  (7, 19, FALSE, TRUE),
                                                                                                  (8, 16, FALSE, TRUE),
                                                                                                  (9, 17, FALSE, TRUE),
                                                                                                  (10, 6, FALSE, TRUE),
                                                                                                  (12, 12, FALSE, TRUE),
                                                                                                  (13, 4, FALSE, TRUE),
                                                                                                  (14, 22, FALSE, TRUE),
                                                                                                  (15, 10, FALSE, TRUE),
                                                                                                  (16, 4, FALSE, TRUE),
                                                                                                  (17, 6, FALSE, TRUE),
                                                                                                  (18, 14, FALSE, TRUE),
                                                                                                  (19, 4, FALSE, TRUE),
                                                                                                  (20, 10, FALSE, TRUE),
                                                                                                  (21, 4, FALSE, TRUE),
                                                                                                  (22, 6, FALSE, TRUE),
                                                                                                  (23, 4, FALSE, TRUE),
                                                                                                  (24, 4, FALSE, TRUE),
                                                                                                  (25, 14, FALSE, TRUE),
                                                                                                  (26, 16, FALSE, TRUE),
                                                                                                  (27, 3, FALSE, TRUE),
                                                                                                  (28, 10, FALSE, TRUE),
                                                                                                  (29, 11, FALSE, TRUE),
                                                                                                  (30, 10, FALSE, TRUE),
                                                                                                  (31, 4, FALSE, TRUE),
                                                                                                  (32, 5, FALSE, TRUE),
                                                                                                  (33, 12, FALSE, TRUE),
                                                                                                  (34, 4, FALSE, TRUE),
                                                                                                  (35, 12, FALSE, TRUE),
                                                                                                  (36, 10, FALSE, TRUE),
                                                                                                  (37, 6, FALSE, TRUE),
                                                                                                  (38, 16, FALSE, TRUE),
                                                                                                  (39, 12, FALSE, TRUE),
                                                                                                  (11, 10, FALSE, TRUE),
                                                                                                  (40, 22, FALSE, TRUE),
                                                                                                  (41, 12, FALSE, TRUE),
                                                                                                  (42, 5, FALSE, TRUE),
                                                                                                  (43, 16, FALSE, TRUE),
                                                                                                  (44, 11, FALSE, TRUE),
                                                                                                  (45, 6, FALSE, TRUE),
                                                                                                  (46, 11, FALSE, TRUE),
                                                                                                  (47, 3, FALSE, TRUE),
                                                                                                  (48, 22, FALSE, TRUE),
                                                                                                  (49, 4, FALSE, TRUE),
                                                                                                  (50, 3, FALSE, TRUE),
                                                                                                  (51, 3, FALSE, TRUE),
                                                                                                  (52, 4, FALSE, TRUE),
                                                                                                  (53, 23, FALSE, TRUE),
                                                                                                  (54, 6, FALSE, TRUE),
                                                                                                  (55, 6, FALSE, TRUE),
                                                                                                  (56, 8, FALSE, TRUE),
                                                                                                  (57, 3, FALSE, TRUE),
                                                                                                  (58, 3, FALSE, TRUE),
                                                                                                  (59, 5, FALSE, TRUE),
                                                                                                  (60, 8, FALSE, TRUE),
                                                                                                  (61, 8, FALSE, TRUE),
                                                                                                  (62, 8, FALSE, TRUE),
                                                                                                  (63, 23, FALSE, TRUE),
                                                                                                  (64, 22, FALSE, TRUE),
                                                                                                  (65, 22, FALSE, TRUE),
                                                                                                  (66, 3, FALSE, TRUE),
                                                                                                  (67, 8, FALSE, TRUE),
                                                                                                  (68, 8, FALSE, TRUE),
                                                                                                  (69, 4, FALSE, TRUE),
                                                                                                  (70, 16, FALSE, TRUE),
                                                                                                  (71, 10, FALSE, TRUE),
                                                                                                  (72, 6, FALSE, TRUE),
                                                                                                  (73, 12, FALSE, TRUE),
                                                                                                  (74, 4, FALSE, TRUE),
                                                                                                  (75, 5, FALSE, TRUE),
                                                                                                  (76, 5, FALSE, TRUE),
                                                                                                  (77, 6, FALSE, TRUE),
                                                                                                  (78, 4, FALSE, TRUE),
                                                                                                  (79, 5, FALSE, TRUE),
                                                                                                  (80, 4, FALSE, TRUE),
                                                                                                  (81, 10, FALSE, TRUE),
                                                                                                  (82, 23, FALSE, TRUE),
                                                                                                  (83, 3, FALSE, TRUE),
                                                                                                  (84, 17, FALSE, TRUE),
                                                                                                  (85, 5, FALSE, TRUE),
                                                                                                  (86, 4, FALSE, TRUE),
                                                                                                  (87, 5, FALSE, TRUE),
                                                                                                  (88, 8, FALSE, TRUE),
                                                                                                  (89, 4, FALSE, TRUE);

